N° at GS1,Size (cm),Angularity,Lithologie,Class,Unresolved,Mass
297,6.5,Arrondie ,Augengneis,"Monte Rosa (gneiss, micaschist)",0,107.8
24,1.8,Anguleux,Calcschiste,Furgg series,1,2.3
173,3.3,Arrondie ,Calcschiste,Furgg series,1,14.1
249,8.2,Arrondie ,Calcschiste,Furgg series,1,216.5
299,15,Anguleux,Calcschiste,Furgg series,1,1325.4
49,4.7,Arrondie ,Gneis,"Monte Rosa (gneiss, micaschist)",0,40.8
83,8.2,Arrondie ,Gneis,"Monte Rosa (gneiss, micaschist)",0,216.5
125,3,Arrondie ,Gneis,"Monte Rosa (gneiss, micaschist)",0,10.6
241,9,Arrondie ,Gneis avec partie de quartzite,"Monte Rosa (gneiss, micaschist)",1,286.3
235,8.4,Arrondie ,Gneis avec pyroxène. mica. quartz,"Monte Rosa (gneiss, micaschist)",0,232.8
127,2.1,Arrondie ,Marbre,Furgg series,1,3.6
184,4.5,Arrondie ,Marbre,Furgg series,1,35.8
1,6.2,Arrondie ,Métagabbro,"ZSF ophiolites (metabasites, eclogites)",0,93.6
22,6.8,Anguleux,Métagabbro,"ZSF ophiolites (metabasites, eclogites)",0,123.5
31,1.5,Arrondie ,Métagabbro,"ZSF ophiolites (metabasites, eclogites)",0,1.3
63,5.7,Arrondie ,Métagabbro,"ZSF ophiolites (metabasites, eclogites)",0,72.7
85,3.8,Arrondie ,Métagabbro,"ZSF ophiolites (metabasites, eclogites)",0,21.5
93,5.4,Anguleux,Métagabbro,"ZSF ophiolites (metabasites, eclogites)",0,61.8
102,2.4,Anguleux,Métagabbro,"ZSF ophiolites (metabasites, eclogites)",0,5.4
118,6.8,Arrondie ,Métagabbro,"ZSF ophiolites (metabasites, eclogites)",0,123.5
129,3.8,Arrondie ,Métagabbro,"ZSF ophiolites (metabasites, eclogites)",0,21.5
148,3.1,Arrondie ,Métagabbro,"ZSF ophiolites (metabasites, eclogites)",0,11.7
155,4.8,Anguleux,Métagabbro,"ZSF ophiolites (metabasites, eclogites)",0,43.4
159,4.4,Arrondie ,Métagabbro,"ZSF ophiolites (metabasites, eclogites)",0,33.5
163,1.8,Arrondie ,Métagabbro,"ZSF ophiolites (metabasites, eclogites)",0,2.3
170,7.3,Arrondie ,Métagabbro,"ZSF ophiolites (metabasites, eclogites)",0,152.8
199,2.8,Arrondie ,Métagabbro,"ZSF ophiolites (metabasites, eclogites)",0,8.6
272,4.9,Arrondie ,Métagabbro,"ZSF ophiolites (metabasites, eclogites)",0,46.2
283,5.1,Arrondie ,Métagabbro,"ZSF ophiolites (metabasites, eclogites)",0,52.1
220,7.5,Arrondie ,Metagabro,"ZSF ophiolites (metabasites, eclogites)",0,165.7
276,8.8,Arrondie ,Metagabro,"ZSF ophiolites (metabasites, eclogites)",0,267.6
20,2.5,Arrondie ,Metagranite,Monte Rosa (granite),0,6.1
26,11,Arrondie ,Metagranite,Monte Rosa (granite),0,522.7
27,4.1,Arrondie ,Metagranite,Monte Rosa (granite),0,27.1
69,5.5,Anguleux,Metagranite,Monte Rosa (granite),0,65.3
84,15,Arrondie ,Metagranite,Monte Rosa (granite),0,1325.4
95,0.9,Arrondie ,Metagranite,Monte Rosa (granite),0,0.3
96,1.2,Arrondie ,Metagranite,Monte Rosa (granite),0,0.7
124,4.4,Anguleux,Metagranite,Monte Rosa (granite),0,33.5
144,7.8,Anguleux,Metagranite,Monte Rosa (granite),0,186.4
243,5.9,Arrondie ,Metagranite,Monte Rosa (granite),0,80.7
244,6.3,Arrondie ,Metagranite,Monte Rosa (granite),0,98.2
245,10.9,Anguleux,Metagranite,Monte Rosa (granite),0,508.6
259,5.6,Arrondie ,Metagranite,Monte Rosa (granite),0,69.0
291,4.8,Arrondie ,Metagranite,Monte Rosa (granite),0,43.4
292,8.2,Arrondie ,Metagranite,Monte Rosa (granite),0,216.5
298,15,Anguleux,Metagranite,Monte Rosa (granite),0,1325.4
300,5.7,Anguleux,Metagranite,Monte Rosa (granite),0,72.7
17,7.4,Anguleux,Metagranite/Granite,Monte Rosa (granite),0,159.1
279,3.3,Arrondie ,Metaultrabasite,"ZSF ophiolites (metabasites, eclogites)",0,14.1
9,3.4,Arrondie ,Micaschiste,"Monte Rosa (gneiss, micaschist)",0,15.4
38,9,Arrondie ,Micaschiste,"Monte Rosa (gneiss, micaschist)",0,286.3
40,5.9,Anguleux,Micaschiste,"Monte Rosa (gneiss, micaschist)",0,80.7
45,2.1,Arrondie ,Micaschiste,"Monte Rosa (gneiss, micaschist)",0,3.6
47,6.9,Anguleux,Micaschiste,"Monte Rosa (gneiss, micaschist)",0,129.0
54,2.8,Arrondie ,Micaschiste,"Monte Rosa (gneiss, micaschist)",0,8.6
55,1.7,Anguleux,Micaschiste,"Monte Rosa (gneiss, micaschist)",0,1.9
64,6.4,Arrondie ,Micaschiste,"Monte Rosa (gneiss, micaschist)",0,102.9
68,4.7,Arrondie ,Micaschiste,"Monte Rosa (gneiss, micaschist)",0,40.8
82,12,Arrondie ,Micaschiste,"Monte Rosa (gneiss, micaschist)",0,678.6
97,5.1,Arrondie ,Micaschiste,"Monte Rosa (gneiss, micaschist)",0,52.1
158,6.2,Anguleux,Micaschiste,"Monte Rosa (gneiss, micaschist)",0,93.6
160,3.7,Arrondie ,Micaschiste,"Monte Rosa (gneiss, micaschist)",0,19.9
178,3.5,Anguleux,Micaschiste,"Monte Rosa (gneiss, micaschist)",0,16.8
108,3.7,Arrondie ,Micaschiste/gneis,"Monte Rosa (gneiss, micaschist)",0,19.9
116,2.9,Arrondie ,Micaschiste/gneis,"Monte Rosa (gneiss, micaschist)",0,9.6
119,3.7,Arrondie ,Micaschiste/gneis,"Monte Rosa (gneiss, micaschist)",0,19.9
123,1,Arrondie ,Micaschiste/gneis,"Monte Rosa (gneiss, micaschist)",0,0.4
195,4.1,Arrondie ,Micaschiste/gneis,"Monte Rosa (gneiss, micaschist)",0,27.1
226,8.1,Arrondie ,Micaschiste/gneis,"Monte Rosa (gneiss, micaschist)",0,208.7
228,5.8,Arrondie ,Micaschiste/gneis,"Monte Rosa (gneiss, micaschist)",0,76.6
257,6.5,Arrondie ,Micaschiste/gneis,"Monte Rosa (gneiss, micaschist)",0,107.8
278,6.9,Arrondie ,Micaschiste/gneis,"Monte Rosa (gneiss, micaschist)",0,129.0
286,9.8,Arrondie ,Micaschiste/gneis,"Monte Rosa (gneiss, micaschist)",0,369.6
287,11.8,Arrondie ,Micaschiste/gneis,"Monte Rosa (gneiss, micaschist)",0,645.2
290,5.3,Arrondie ,Micaschiste/gneis,"Monte Rosa (gneiss, micaschist)",0,58.5
188,6.2,Arrondie ,Micaschiste/gneis (augengneis avec mica),"Monte Rosa (gneiss, micaschist)",0,93.6
30,5.4,Arrondie ,Micaschiste/metagranite,Monte Rosa (granite),0,61.8
191,3.1,Arrondie ,Miccaschiste,"Monte Rosa (gneiss, micaschist)",0,11.7
77,2.3,Arrondie ,Quartzite,ZSF sediments,1,4.8
11,5.5,Arrondie ,Quartzite ,ZSF sediments,1,65.3
12,2.4,Arrondie ,Quartzite ,ZSF sediments,1,5.4
18,1,Arrondie ,Quartzite ,ZSF sediments,1,0.4
41,1.9,Arrondie ,Quartzite ,ZSF sediments,1,2.7
46,2.9,Arrondie ,Quartzite ,ZSF sediments,1,9.6
75,2,Arrondie ,Quartzite ,ZSF sediments,1,3.1
109,4,Arrondie ,Quartzite ,ZSF sediments,1,25.1
138,2.8,Arrondie ,Quartzite ,ZSF sediments,1,8.6
143,6.8,Anguleux,Quartzite ,ZSF sediments,1,123.5
232,3.5,Arrondie ,Quartzite ,ZSF sediments,1,16.8
92,1.9,Arrondie ,Quartzite. radiolarite ,ZSF sediments,1,2.7
134,3,Anguleux,Quartzite/orthopyroxène (amphibole) ,"ZSF ophiolites (metabasites, eclogites)",0,10.6
112,4.9,Arrondie ,Schiste vert,"ZSF ophiolites (metabasites, eclogites)",0,46.2
2,5.4,Arrondie ,Serpentinite,ZSF ophiolites (serpentinites),0,61.8
3,3.4,Arrondie ,Serpentinite,ZSF ophiolites (serpentinites),0,15.4
4,4.3,Arrondie ,Serpentinite,ZSF ophiolites (serpentinites),0,31.2
5,3,Arrondie ,Serpentinite,ZSF ophiolites (serpentinites),0,10.6
6,4,Arrondie ,Serpentinite,ZSF ophiolites (serpentinites),0,25.1
7,4.5,Arrondie ,Serpentinite,ZSF ophiolites (serpentinites),0,35.8
8,4.7,Arrondie ,Serpentinite,ZSF ophiolites (serpentinites),0,40.8
10,4.1,Arrondie ,Serpentinite,ZSF ophiolites (serpentinites),0,27.1
13,3.8,Arrondie ,Serpentinite,ZSF ophiolites (serpentinites),0,21.5
14,2.4,Arrondie ,Serpentinite,ZSF ophiolites (serpentinites),0,5.4
15,2.4,Arrondie ,Serpentinite,ZSF ophiolites (serpentinites),0,5.4
16,3.8,Arrondie ,Serpentinite,ZSF ophiolites (serpentinites),0,21.5
19,2.9,Arrondie ,Serpentinite,ZSF ophiolites (serpentinites),0,9.6
21,4.7,Anguleux,Serpentinite,ZSF ophiolites (serpentinites),0,40.8
23,1.6,Anguleux,Serpentinite,ZSF ophiolites (serpentinites),0,1.6
25,7.7,Arrondie ,Serpentinite,ZSF ophiolites (serpentinites),0,179.3
28,6.7,Anguleux,Serpentinite,ZSF ophiolites (serpentinites),0,118.1
29,4.7,Arrondie ,Serpentinite,ZSF ophiolites (serpentinites),0,40.8
32,4.5,Arrondie ,Serpentinite,ZSF ophiolites (serpentinites),0,35.8
33,5.7,Arrondie ,Serpentinite,ZSF ophiolites (serpentinites),0,72.7
34,2.6,Anguleux,Serpentinite,ZSF ophiolites (serpentinites),0,6.9
35,11.2,Anguleux,Serpentinite,ZSF ophiolites (serpentinites),0,551.7
36,2.6,Arrondie ,Serpentinite,ZSF ophiolites (serpentinites),0,6.9
37,3.1,Arrondie ,Serpentinite,ZSF ophiolites (serpentinites),0,11.7
39,4,Arrondie ,Serpentinite,ZSF ophiolites (serpentinites),0,25.1
42,3.3,Arrondie ,Serpentinite,ZSF ophiolites (serpentinites),0,14.1
43,7.7,Arrondie ,Serpentinite,ZSF ophiolites (serpentinites),0,179.3
44,8,Anguleux,Serpentinite,ZSF ophiolites (serpentinites),0,201.1
48,7,Arrondie ,Serpentinite,ZSF ophiolites (serpentinites),0,134.7
50,2,Arrondie ,Serpentinite,ZSF ophiolites (serpentinites),0,3.1
51,5,Arrondie ,Serpentinite,ZSF ophiolites (serpentinites),0,49.1
52,2.6,Anguleux,Serpentinite,ZSF ophiolites (serpentinites),0,6.9
53,4.7,Anguleux,Serpentinite,ZSF ophiolites (serpentinites),0,40.8
56,2.5,Anguleux,Serpentinite,ZSF ophiolites (serpentinites),0,6.1
57,2.4,Arrondie ,Serpentinite,ZSF ophiolites (serpentinites),0,5.4
58,3,Arrondie ,Serpentinite,ZSF ophiolites (serpentinites),0,10.6
59,5.5,Anguleux,Serpentinite,ZSF ophiolites (serpentinites),0,65.3
60,7.2,Anguleux,Serpentinite,ZSF ophiolites (serpentinites),0,146.6
61,2.5,Anguleux,Serpentinite,ZSF ophiolites (serpentinites),0,6.1
62,4.5,Anguleux,Serpentinite,ZSF ophiolites (serpentinites),0,35.8
65,11.3,Anguleux,Serpentinite,ZSF ophiolites (serpentinites),0,566.6
66,6.5,Arrondie ,Serpentinite,ZSF ophiolites (serpentinites),0,107.8
67,3.8,Arrondie ,Serpentinite,ZSF ophiolites (serpentinites),0,21.5
70,2.7,Arrondie ,Serpentinite,ZSF ophiolites (serpentinites),0,7.7
71,5.5,Anguleux,Serpentinite,ZSF ophiolites (serpentinites),0,65.3
72,5.6,Arrondie ,Serpentinite,ZSF ophiolites (serpentinites),0,69.0
73,3.9,Arrondie ,Serpentinite,ZSF ophiolites (serpentinites),0,23.3
74,3.7,Arrondie ,Serpentinite,ZSF ophiolites (serpentinites),0,19.9
76,3.8,Arrondie ,Serpentinite,ZSF ophiolites (serpentinites),0,21.5
78,4,Anguleux,Serpentinite,ZSF ophiolites (serpentinites),0,25.1
79,2.3,Arrondie ,Serpentinite,ZSF ophiolites (serpentinites),0,4.8
80,3.4,Anguleux,Serpentinite,ZSF ophiolites (serpentinites),0,15.4
81,4.6,Anguleux,Serpentinite,ZSF ophiolites (serpentinites),0,38.2
86,2.8,Arrondie ,Serpentinite,ZSF ophiolites (serpentinites),0,8.6
87,2.8,Anguleux,Serpentinite,ZSF ophiolites (serpentinites),0,8.6
88,2.5,Anguleux,Serpentinite,ZSF ophiolites (serpentinites),0,6.1
89,3.8,Anguleux,Serpentinite,ZSF ophiolites (serpentinites),0,21.5
90,7.7,Anguleux,Serpentinite,ZSF ophiolites (serpentinites),0,179.3
91,8.6,Arrondie ,Serpentinite,ZSF ophiolites (serpentinites),0,249.8
94,7.8,Arrondie ,Serpentinite,ZSF ophiolites (serpentinites),0,186.4
98,2.6,Arrondie ,Serpentinite,ZSF ophiolites (serpentinites),0,6.9
99,5.5,Arrondie ,Serpentinite,ZSF ophiolites (serpentinites),0,65.3
100,3.6,Arrondie ,Serpentinite,ZSF ophiolites (serpentinites),0,18.3
101,2.5,Arrondie ,Serpentinite,ZSF ophiolites (serpentinites),0,6.1
103,4,Arrondie ,Serpentinite,ZSF ophiolites (serpentinites),0,25.1
104,2.7,Arrondie ,Serpentinite,ZSF ophiolites (serpentinites),0,7.7
105,3,Arrondie ,Serpentinite,ZSF ophiolites (serpentinites),0,10.6
106,2.8,Arrondie ,Serpentinite,ZSF ophiolites (serpentinites),0,8.6
107,2.9,Arrondie ,Serpentinite,ZSF ophiolites (serpentinites),0,9.6
110,3.8,Arrondie ,Serpentinite,ZSF ophiolites (serpentinites),0,21.5
111,5.3,Arrondie ,Serpentinite,ZSF ophiolites (serpentinites),0,58.5
113,4.6,Arrondie ,Serpentinite,ZSF ophiolites (serpentinites),0,38.2
114,4.2,Anguleux,Serpentinite,ZSF ophiolites (serpentinites),0,29.1
115,4,Arrondie ,Serpentinite,ZSF ophiolites (serpentinites),0,25.1
117,2.4,Arrondie ,Serpentinite,ZSF ophiolites (serpentinites),0,5.4
120,3.5,Arrondie ,Serpentinite,ZSF ophiolites (serpentinites),0,16.8
121,2.6,Arrondie ,Serpentinite,ZSF ophiolites (serpentinites),0,6.9
122,2.6,Arrondie ,Serpentinite,ZSF ophiolites (serpentinites),0,6.9
126,4.2,Arrondie ,Serpentinite,ZSF ophiolites (serpentinites),0,29.1
128,6.6,Arrondie ,Serpentinite,ZSF ophiolites (serpentinites),0,112.9
130,3.6,Arrondie ,Serpentinite,ZSF ophiolites (serpentinites),0,18.3
131,6,Arrondie ,Serpentinite,ZSF ophiolites (serpentinites),0,84.8
132,4.1,Arrondie ,Serpentinite,ZSF ophiolites (serpentinites),0,27.1
133,3.7,Arrondie ,Serpentinite,ZSF ophiolites (serpentinites),0,19.9
135,3.1,Arrondie ,Serpentinite,ZSF ophiolites (serpentinites),0,11.7
136,3,Arrondie ,Serpentinite,ZSF ophiolites (serpentinites),0,10.6
137,3.2,Arrondie ,Serpentinite,ZSF ophiolites (serpentinites),0,12.9
139,4.1,Arrondie ,Serpentinite,ZSF ophiolites (serpentinites),0,27.1
140,3.1,Arrondie ,Serpentinite,ZSF ophiolites (serpentinites),0,11.7
141,4.2,Anguleux,Serpentinite,ZSF ophiolites (serpentinites),0,29.1
142,4,Anguleux,Serpentinite,ZSF ophiolites (serpentinites),0,25.1
145,2.2,Arrondie ,Serpentinite,ZSF ophiolites (serpentinites),0,4.2
146,8.1,Arrondie ,Serpentinite,ZSF ophiolites (serpentinites),0,208.7
147,7.2,Arrondie ,Serpentinite,ZSF ophiolites (serpentinites),0,146.6
149,7.2,Arrondie ,Serpentinite,ZSF ophiolites (serpentinites),0,146.6
150,2.4,Arrondie ,Serpentinite,ZSF ophiolites (serpentinites),0,5.4
151,8.6,Arrondie ,Serpentinite,ZSF ophiolites (serpentinites),0,249.8
152,7.3,Arrondie ,Serpentinite,ZSF ophiolites (serpentinites),0,152.8
153,12.7,Anguleux,Serpentinite,ZSF ophiolites (serpentinites),0,804.4
154,2.8,Arrondie ,Serpentinite,ZSF ophiolites (serpentinites),0,8.6
156,1.6,Arrondie ,Serpentinite,ZSF ophiolites (serpentinites),0,1.6
157,5.7,Arrondie ,Serpentinite,ZSF ophiolites (serpentinites),0,72.7
161,5,Arrondie ,Serpentinite,ZSF ophiolites (serpentinites),0,49.1
162,4.4,Arrondie ,Serpentinite,ZSF ophiolites (serpentinites),0,33.5
164,2.5,Arrondie ,Serpentinite,ZSF ophiolites (serpentinites),0,6.1
165,3.8,Arrondie ,Serpentinite,ZSF ophiolites (serpentinites),0,21.5
166,2.3,Arrondie ,Serpentinite,ZSF ophiolites (serpentinites),0,4.8
167,2.1,Arrondie ,Serpentinite,ZSF ophiolites (serpentinites),0,3.6
168,4,Arrondie ,Serpentinite,ZSF ophiolites (serpentinites),0,25.1
169,2.3,Arrondie ,Serpentinite,ZSF ophiolites (serpentinites),0,4.8
171,3.4,Arrondie ,Serpentinite,ZSF ophiolites (serpentinites),0,15.4
172,3.4,Arrondie ,Serpentinite,ZSF ophiolites (serpentinites),0,15.4
174,1.5,Arrondie ,Serpentinite,ZSF ophiolites (serpentinites),0,1.3
175,2.3,Arrondie ,Serpentinite,ZSF ophiolites (serpentinites),0,4.8
176,2.1,Arrondie ,Serpentinite,ZSF ophiolites (serpentinites),0,3.6
177,3.5,Arrondie ,Serpentinite,ZSF ophiolites (serpentinites),0,16.8
179,2.7,Arrondie ,Serpentinite,ZSF ophiolites (serpentinites),0,7.7
180,3,Arrondie ,Serpentinite,ZSF ophiolites (serpentinites),0,10.6
181,2.2,Arrondie ,Serpentinite,ZSF ophiolites (serpentinites),0,4.2
182,2.7,Arrondie ,Serpentinite,ZSF ophiolites (serpentinites),0,7.7
183,5,Arrondie ,Serpentinite,ZSF ophiolites (serpentinites),0,49.1
185,2.3,Arrondie ,Serpentinite,ZSF ophiolites (serpentinites),0,4.8
186,4,Arrondie ,Serpentinite,ZSF ophiolites (serpentinites),0,25.1
189,2.5,Arrondie ,Serpentinite,ZSF ophiolites (serpentinites),0,6.1
190,2,Arrondie ,Serpentinite,ZSF ophiolites (serpentinites),0,3.1
192,3,Arrondie ,Serpentinite,ZSF ophiolites (serpentinites),0,10.6
193,3.1,Arrondie ,Serpentinite,ZSF ophiolites (serpentinites),0,11.7
194,4.3,Arrondie ,Serpentinite,ZSF ophiolites (serpentinites),0,31.2
196,4.9,Arrondie ,Serpentinite,ZSF ophiolites (serpentinites),0,46.2
197,3.1,Arrondie ,Serpentinite,ZSF ophiolites (serpentinites),0,11.7
198,3.3,Arrondie ,Serpentinite,ZSF ophiolites (serpentinites),0,14.1
200,1.6,Arrondie ,Serpentinite,ZSF ophiolites (serpentinites),0,1.6
201,5.9,Arrondie ,Serpentinite,ZSF ophiolites (serpentinites),0,80.7
202,8,Arrondie ,Serpentinite,ZSF ophiolites (serpentinites),0,201.1
203,4,Arrondie ,Serpentinite,ZSF ophiolites (serpentinites),0,25.1
204,3.3,Arrondie ,Serpentinite,ZSF ophiolites (serpentinites),0,14.1
205,2.5,Arrondie ,Serpentinite,ZSF ophiolites (serpentinites),0,6.1
206,11.5,Arrondie ,Serpentinite,ZSF ophiolites (serpentinites),0,597.2
207,9.7,Arrondie ,Serpentinite,ZSF ophiolites (serpentinites),0,358.4
208,9.3,Arrondie ,Serpentinite,ZSF ophiolites (serpentinites),0,315.9
209,4.5,Arrondie ,Serpentinite,ZSF ophiolites (serpentinites),0,35.8
210,4,Arrondie ,Serpentinite,ZSF ophiolites (serpentinites),0,25.1
212,2.7,Arrondie ,Serpentinite,ZSF ophiolites (serpentinites),0,7.7
213,4.9,Arrondie ,Serpentinite,ZSF ophiolites (serpentinites),0,46.2
214,4,Anguleux,Serpentinite,ZSF ophiolites (serpentinites),0,25.1
215,3.8,Arrondie ,Serpentinite,ZSF ophiolites (serpentinites),0,21.5
216,8.9,Arrondie ,Serpentinite,ZSF ophiolites (serpentinites),0,276.8
217,7.8,Arrondie ,Serpentinite,ZSF ophiolites (serpentinites),0,186.4
218,3.7,Arrondie ,Serpentinite,ZSF ophiolites (serpentinites),0,19.9
219,7.4,Arrondie ,Serpentinite,ZSF ophiolites (serpentinites),0,159.1
221,5.2,Arrondie ,Serpentinite,ZSF ophiolites (serpentinites),0,55.2
222,4.1,Anguleux,Serpentinite,ZSF ophiolites (serpentinites),0,27.1
223,5.2,Arrondie ,Serpentinite,ZSF ophiolites (serpentinites),0,55.2
224,3.8,Arrondie ,Serpentinite,ZSF ophiolites (serpentinites),0,21.5
229,3.7,Arrondie ,Serpentinite,ZSF ophiolites (serpentinites),0,19.9
230,8.6,Arrondie ,Serpentinite,ZSF ophiolites (serpentinites),0,249.8
231,6.7,Arrondie ,Serpentinite,ZSF ophiolites (serpentinites),0,118.1
233,5.9,Arrondie ,Serpentinite,ZSF ophiolites (serpentinites),0,80.7
234,14.9,Arrondie ,Serpentinite,ZSF ophiolites (serpentinites),0,1299.0
236,7.7,Arrondie ,Serpentinite,ZSF ophiolites (serpentinites),0,179.3
237,12.1,Arrondie ,Serpentinite,ZSF ophiolites (serpentinites),0,695.7
238,6.8,Arrondie ,Serpentinite,ZSF ophiolites (serpentinites),0,123.5
239,9,Arrondie ,Serpentinite,ZSF ophiolites (serpentinites),0,286.3
242,3.8,Arrondie ,Serpentinite,ZSF ophiolites (serpentinites),0,21.5
247,8.5,Arrondie ,Serpentinite,ZSF ophiolites (serpentinites),0,241.2
248,10.7,Arrondie ,Serpentinite,ZSF ophiolites (serpentinites),0,481.1
250,3.1,Arrondie ,Serpentinite,ZSF ophiolites (serpentinites),0,11.7
251,1.4,Arrondie ,Serpentinite,ZSF ophiolites (serpentinites),0,1.1
252,8,Arrondie ,Serpentinite,ZSF ophiolites (serpentinites),0,201.1
253,10.4,Arrondie ,Serpentinite,ZSF ophiolites (serpentinites),0,441.7
254,7.4,Arrondie ,Serpentinite,ZSF ophiolites (serpentinites),0,159.1
255,9.8,Anguleux,Serpentinite,ZSF ophiolites (serpentinites),0,369.6
256,10,Arrondie ,Serpentinite,ZSF ophiolites (serpentinites),0,392.7
258,11.8,Arrondie ,Serpentinite,ZSF ophiolites (serpentinites),0,645.2
260,3.8,Arrondie ,Serpentinite,ZSF ophiolites (serpentinites),0,21.5
261,5.6,Arrondie ,Serpentinite,ZSF ophiolites (serpentinites),0,69.0
262,4.7,Arrondie ,Serpentinite,ZSF ophiolites (serpentinites),0,40.8
263,6.8,Arrondie ,Serpentinite,ZSF ophiolites (serpentinites),0,123.5
264,4.5,Arrondie ,Serpentinite,ZSF ophiolites (serpentinites),0,35.8
265,3.7,Arrondie ,Serpentinite,ZSF ophiolites (serpentinites),0,19.9
266,3,Arrondie ,Serpentinite,ZSF ophiolites (serpentinites),0,10.6
267,6.4,Arrondie ,Serpentinite,ZSF ophiolites (serpentinites),0,102.9
268,2.4,Arrondie ,Serpentinite,ZSF ophiolites (serpentinites),0,5.4
269,4.8,Arrondie ,Serpentinite,ZSF ophiolites (serpentinites),0,43.4
270,2,Arrondie ,Serpentinite,ZSF ophiolites (serpentinites),0,3.1
271,5.9,Arrondie ,Serpentinite,ZSF ophiolites (serpentinites),0,80.7
273,4.6,Arrondie ,Serpentinite,ZSF ophiolites (serpentinites),0,38.2
274,5,Arrondie ,Serpentinite,ZSF ophiolites (serpentinites),0,49.1
275,3.8,Arrondie ,Serpentinite,ZSF ophiolites (serpentinites),0,21.5
277,8.5,Arrondie ,Serpentinite,ZSF ophiolites (serpentinites),0,241.2
280,2.6,Arrondie ,Serpentinite,ZSF ophiolites (serpentinites),0,6.9
281,11.9,Arrondie ,Serpentinite,ZSF ophiolites (serpentinites),0,661.8
282,6,Arrondie ,Serpentinite,ZSF ophiolites (serpentinites),0,84.8
284,2.1,Arrondie ,Serpentinite,ZSF ophiolites (serpentinites),0,3.6
285,0.9,Anguleux,Serpentinite,ZSF ophiolites (serpentinites),0,0.3
288,2.7,Arrondie ,Serpentinite,ZSF ophiolites (serpentinites),0,7.7
289,1.9,Arrondie ,Serpentinite,ZSF ophiolites (serpentinites),0,2.7
293,6.7,Arrondie ,Serpentinite,ZSF ophiolites (serpentinites),0,118.1
294,8,Arrondie ,Serpentinite,ZSF ophiolites (serpentinites),0,201.1
295,6.1,Arrondie ,Serpentinite,ZSF ophiolites (serpentinites),0,89.1
296,4.1,Arrondie ,Serpentinite,ZSF ophiolites (serpentinites),0,27.1
225,7.8,Arrondie ,Serpentinite avec talc,ZSF ophiolites (serpentinites),0,186.4
240,6.9,Arrondie ,Serpentinite avec talc,ZSF ophiolites (serpentinites),0,129.0
246,9.1,Arrondie ,Serpentinite avec talc,ZSF ophiolites (serpentinites),0,295.9
187,1.8,Arrondie ,Serpentinite/metaultrabasite,ZSF ophiolites (serpentinites),1,2.3
211,9.5,Arrondie ,Talcsschiste,ZSF ophiolites (serpentinites),0,336.7
227,14.5,Arrondie ,Talcsschiste,ZSF ophiolites (serpentinites),0,1197.2